latitude,longitude,type,urgency,Baby_Items,Blankets/Bedding,Boats,Cleaning,Clothing,Construction/Repairs,Cooked_Food,Cooking,Counseling/Mental_Health,Driving,Dry_Rations,Evacuation,Food,General_Help,Heavy_Lifting,Hygiene_Products,Medical/Healthcare,Medicine,Other,Search_&_Rescue,Technical_Advisory,Translation/Communication,Transportation,Water,district
7.2167011,80.59843169,Home,emergency,0,0,0,0,0,0,0,0,0,0,0,0,1,0,0,0,0,0,1,0,0,0,0,1,kandy
8.3289375,80.4003304,Home,medium,1,0,0,0,1,0,0,0,0,0,0,0,1,0,0,0,0,0,1,0,0,0,0,0,anuradhapura
7.7516076,81.2270988,Home,medium,0,0,0,0,0,0,0,0,0,0,0,0,0,0,0,0,0,0,1,0,0,0,0,0,kalutara
6.8723185,80.0003875,Other,medium,1,0,0,0,1,0,0,0,0,0,0,0,1,0,0,0,0,1,1,0,0,0,0,1,colombo
6.9303512,79.9007066,Home,medium,0,0,0,0,0,0,0,0,0,0,0,0,0,0,0,0,0,0,1,0,0,0,0,0,colombo
6.9369681,79.9014161,Home,medium,0,0,0,0,0,0,0,0,0,0,0,0,0,0,0,0,0,0,1,0,0,0,0,0,colombo
7.2703592,80.6085798,School,high,0,0,0,0,0,0,0,0,0,0,0,0,0,0,0,0,0,0,1,0,0,0,0,0,kandy
7.17234913,80.57856405,Home,medium,0,0,0,0,1,0,0,0,0,0,0,0,1,0,0,0,0,0,1,0,0,0,0,1,kandy
6.94374613,79.89063203,Home,high,1,0,0,0,1,0,0,0,0,0,0,0,1,0,0,0,0,1,1,0,0,0,0,1,colombo
6.94196743,79.89790884,Home,high,0,0,0,0,1,0,0,0,0,0,0,0,1,0,0,0,0,1,1,0,0,0,0,1,colombo
7.2144794,80.5333251,School,high,1,0,0,0,1,0,0,0,0,0,0,0,1,0,0,0,0,1,0,0,0,0,0,1,matara
7.2515853,80.429001,Temple,high,1,0,0,0,1,0,0,0,0,0,0,0,1,0,0,0,0,1,0,0,0,0,0,1,kegalle
6.87935973,79.88336588,Home,high,0,0,0,0,1,0,0,0,0,0,0,0,1,0,0,0,0,0,0,0,0,0,0,0,colombo
7.2869922,80.6933288,School,medium,0,0,0,0,0,0,0,0,0,0,0,0,1,0,0,0,0,1,0,0,0,0,0,1,kandy
7.0154868,80.8590474,Other,medium,0,0,0,0,0,0,0,0,0,0,0,0,1,0,0,0,0,1,0,0,0,0,0,0,nuwara eliya
7.4172376,80.6840121,Home,medium,0,0,0,0,0,0,0,0,0,0,0,0,1,0,0,0,0,1,0,0,0,0,0,1,matale
7.0214596,79.8995175,Other,high,1,0,0,0,1,0,0,0,0,0,0,0,1,0,0,0,0,1,1,0,0,0,0,1,gampaha
6.934441,79.921358,Home,medium,0,0,0,0,0,0,0,0,0,0,0,0,1,0,0,0,0,0,0,0,0,0,0,1,colombo
6.9240186,80.0175598,Home,high,1,0,0,0,1,0,0,0,0,0,0,0,1,0,0,0,0,1,0,0,0,0,0,1,colombo
6.9240186,80.0175598,Home,high,1,0,0,0,1,0,0,0,0,0,0,0,1,0,0,0,0,1,0,0,0,0,0,1,colombo
6.9627848,79.9546863,Home,high,1,0,0,0,1,0,0,0,0,0,0,0,1,0,0,0,0,1,1,0,0,0,0,1,gampaha
8.34021216,80.41125298,Home,medium,1,0,0,0,0,0,0,0,0,0,0,0,0,0,0,0,0,0,0,0,0,0,0,0,anuradhapura
7.33847473,80.60273543,Home,medium,0,0,0,0,0,0,0,0,0,0,0,0,1,0,0,0,0,0,0,0,0,0,0,1,kandy
7.15004734,80.77870547,Home,medium,0,0,0,0,0,0,0,0,0,0,0,0,1,0,0,0,0,0,1,0,0,0,0,1,nuwara eliya
6.951826,79.9184698,Temple,medium,0,0,0,0,1,0,0,0,0,0,0,0,0,0,0,0,0,0,0,0,0,0,0,0,gampaha
7.1152646,80.0561117,Other,medium,1,0,0,0,0,0,0,0,0,0,0,0,1,0,0,0,0,1,1,0,0,0,0,0,gampaha
7.34987496,80.71063371,Private Land,high,0,0,0,0,0,0,0,0,0,0,0,0,1,0,0,0,0,0,0,0,0,0,0,1,kandy
6.83755873,79.95603006,Home,medium,0,0,0,0,0,0,0,0,0,0,0,0,1,0,0,0,0,0,0,0,0,0,0,1,colombo
7.40758881,79.86653014,Home,high,1,0,0,0,0,0,0,0,0,0,0,0,1,0,0,0,0,1,0,0,0,0,0,1,puttalam
7.2306686,80.6050328,Other,medium,0,0,0,0,0,0,0,0,0,0,0,0,1,0,0,0,0,0,1,0,0,0,0,1,kandy
6.9407854,79.9206694,Other,medium,0,0,0,0,0,0,0,0,0,0,0,0,0,0,0,0,0,0,1,0,0,0,0,0,colombo
6.5648735,80.5332412,School,medium,0,0,0,0,0,0,0,0,0,0,0,0,1,0,0,0,0,0,0,0,0,0,0,0,ratnapura
7.0960061,80.0016477,Temple,emergency,0,0,0,0,0,0,0,0,0,0,0,0,1,0,0,0,0,1,1,0,0,0,0,1,gampaha
7.0916141,79.9878877,Home,medium,0,0,0,0,0,0,0,0,0,0,0,0,1,0,0,0,0,0,0,0,0,0,0,1,gampaha
6.84135138,80.00384327,Other,medium,1,0,0,0,1,0,0,0,0,0,0,0,0,0,0,0,0,1,0,0,0,0,0,0,colombo
6.91255432,80.077613,Other,high,0,0,0,0,0,0,0,0,0,0,0,0,1,0,0,0,0,0,0,0,0,0,0,1,colombo
6.93104363,79.87447786,Home,medium,0,0,0,0,0,0,0,0,0,0,0,0,1,0,0,0,0,1,0,0,0,0,0,0,colombo
7.1928955,80.5885406,Temple,high,0,0,0,0,0,0,0,0,0,0,0,0,1,0,0,0,0,0,0,0,0,0,0,1,gampaha
6.897664,79.872,Private Land,medium,0,0,0,0,0,0,0,0,0,0,0,0,1,0,0,0,0,0,0,0,0,0,0,1,colombo
7.1821234,80.582959,Kitchen,emergency,1,0,0,0,1,0,0,0,0,0,0,0,1,0,0,0,0,0,0,0,0,0,0,1,kandy
7.0944744,80.4635184,Other,emergency,0,0,0,0,0,0,0,0,0,0,0,0,0,0,0,0,0,0,1,0,0,0,0,0,kandy
6.897664,79.872,Other,medium,0,0,0,0,0,0,0,0,0,0,0,0,1,0,0,0,0,1,0,0,0,0,0,1,colombo
6.9612525,80.22958372,Home,high,0,0,0,0,1,0,0,0,0,0,0,0,1,0,0,0,0,0,1,0,0,0,0,1,kalutara
8.1669269,80.3044731,Private Land,medium,0,0,0,0,0,0,0,0,0,0,0,0,0,0,0,0,0,0,0,0,0,0,0,1,anuradhapura
7.35559976,80.61509859,Home,medium,0,0,0,0,0,0,0,0,0,0,0,0,1,0,0,0,0,0,0,0,0,0,0,1,kandy
7.5723298,79.7973064,Other,medium,0,0,0,0,0,0,0,0,0,0,0,0,1,0,0,0,0,0,0,0,0,0,0,1,puttalam
6.8382175,79.9203602,Other,low,0,0,0,0,0,0,0,0,0,0,0,0,1,0,0,0,0,0,0,0,0,0,0,1,colombo
7.3135003,80.6422876,Private Land,medium,0,0,0,0,0,0,0,0,0,0,0,0,1,0,0,0,0,0,0,0,0,0,0,1,kandy
7.2813349,79.8565668,Private Land,high,1,0,0,0,1,0,0,0,0,0,0,0,1,0,0,0,0,1,0,0,0,0,0,1,puttalam
6.9353492,80.0083154,School,medium,0,0,0,0,0,0,0,0,0,0,0,0,1,0,0,0,0,1,1,0,0,0,0,1,colombo
6.9338514,79.9682293,Other,medium,0,0,0,0,0,0,0,0,0,0,0,0,1,0,0,0,0,1,1,0,0,0,0,1,gampaha
6.9218305,80.0173303,School,medium,0,0,0,0,0,0,0,0,0,0,0,0,1,0,0,0,0,1,1,0,0,0,0,1,colombo
6.9346775,79.9936036,School,medium,0,0,0,0,0,0,0,0,0,0,0,0,1,0,0,0,0,1,1,0,0,0,0,1,colombo
6.9321381,79.9827157,Temple,medium,0,0,0,0,0,0,0,0,0,0,0,0,1,0,0,0,0,0,1,0,0,0,0,1,colombo
6.9321381,79.9827157,Temple,medium,0,0,0,0,0,0,0,0,0,0,0,0,1,0,0,0,0,0,1,0,0,0,0,1,colombo
6.9341777,79.9850714,Other,medium,0,0,0,0,0,0,0,0,0,0,0,0,1,0,0,0,0,0,1,0,0,0,0,1,colombo
6.9295325,79.9822635,School,medium,0,0,0,0,0,0,0,0,0,0,0,0,1,0,0,0,0,0,0,0,0,0,0,1,colombo
6.89883023,79.96966393,Other,high,0,0,0,0,0,0,0,0,0,0,0,0,1,0,0,0,0,1,1,0,0,0,0,1,colombo
6.9634613,79.8901801,Other,medium,0,0,0,0,0,0,0,0,0,0,0,0,1,0,0,0,0,0,0,0,0,0,0,1,gampaha
6.9670695,79.9002238,Other,medium,0,0,0,0,0,0,0,0,0,0,0,0,1,0,0,0,0,0,0,0,0,0,0,0,gampaha
7.3678429,80.7056039,Private Land,medium,0,0,0,0,0,0,0,0,0,0,0,0,1,0,0,0,0,1,0,0,0,0,0,1,kandy
7.0298848,80.1847167,Private Land,high,0,0,0,0,0,0,0,0,0,0,0,0,1,0,0,0,0,0,0,0,0,0,0,0,kegalle
8.00424061,79.84391029,Other,emergency,0,0,0,0,0,0,0,0,0,0,0,0,0,0,0,0,0,0,1,0,0,0,0,0,puttalam
7.0329441,79.9391785,Other,high,0,0,0,0,1,0,0,0,0,0,0,0,1,0,0,0,0,0,0,0,0,0,0,0,gampaha
7.57941712,79.80520117,Other,high,0,0,0,0,0,0,0,0,0,0,0,0,1,0,0,0,0,1,0,0,0,0,0,1,puttalam
6.9255095,79.8682263,Other,high,0,0,0,0,0,0,0,0,0,0,0,0,0,0,0,0,0,0,1,0,0,0,0,0,colombo
7.2009637,80.5480118,Other,medium,0,0,0,0,0,0,0,0,0,0,0,0,1,0,0,0,0,1,0,0,0,0,0,0,kandy
7.2009637,80.5480118,Other,medium,1,0,0,0,0,0,0,0,0,0,0,0,1,0,0,0,0,1,0,0,0,0,0,0,kandy
6.67120019,80.41583593,Other,high,0,0,0,0,0,0,0,0,0,0,0,0,1,0,0,0,0,1,0,0,0,0,0,1,ratnapura
7.1408145,80.5666387,Other,emergency,0,0,0,0,0,0,0,0,0,0,0,0,0,0,0,0,0,0,1,0,0,0,0,0,kandy
7.0181561,80.4927826,Other,low,0,0,0,0,0,0,0,0,0,0,0,0,0,0,0,0,0,0,1,0,0,0,0,0,kandy
6.60293494,79.95354044,Kitchen,medium,0,0,0,0,0,0,0,0,0,0,0,0,1,0,0,0,0,1,0,0,0,0,0,0,kalutara
6.7362955,80.1694388,Other,medium,0,0,0,0,0,0,0,0,0,0,0,0,0,0,0,0,0,0,1,0,0,0,0,0,kalutara
7.72489773,80.14197915,Private Land,medium,0,0,0,0,0,0,0,0,0,0,0,1,0,0,0,0,0,0,0,0,0,0,0,0,kurunegala
7.15887086,80.56336268,Private Land,high,0,0,0,0,0,0,0,0,0,0,0,0,1,0,0,0,0,0,0,0,0,0,0,1,kandy
6.9324786,79.9005069,Other,emergency,0,0,0,0,0,0,0,0,0,0,0,0,1,0,0,0,0,1,0,0,0,0,0,1,colombo
6.9324786,79.9005069,Other,emergency,0,0,0,0,0,0,0,0,0,0,0,0,1,0,0,0,0,1,0,0,0,0,0,1,colombo
7.0461994,80.2500264,Other,emergency,0,0,0,0,0,0,0,0,0,0,0,0,1,0,0,0,0,0,0,0,0,0,0,1,kegalle
7.2634021,80.5988269,School,medium,0,0,0,0,0,0,0,0,0,0,0,0,1,0,0,0,0,1,0,0,0,0,0,1,kandy
7.2698055,80.6040594,Other,high,0,0,0,0,0,0,0,0,0,0,0,1,0,0,0,0,0,0,0,0,0,0,0,0,kandy
6.9224395,79.8524559,School,high,0,0,0,0,0,0,0,0,0,0,0,1,1,0,0,0,0,1,1,0,0,0,0,1,colombo
6.91758548,79.86415057,Private Land,high,0,0,0,0,1,0,0,0,0,0,0,0,1,0,0,0,0,0,0,0,0,0,0,0,colombo
6.9007487,79.8534238,nan,low,0,0,0,0,0,0,0,0,0,0,0,0,0,0,0,0,0,0,1,0,0,0,0,0,colombo
6.2678458,80.0387116,Volunteer Contribution,low,0,0,0,0,0,0,0,0,0,1,0,0,0,0,1,0,0,0,0,1,0,0,0,0,galle
7.2604588,80.6858434,Volunteer Contribution,low,0,0,0,1,0,0,0,0,1,0,0,0,0,1,0,0,0,0,1,1,1,1,0,0,kandy
6.9778284,79.9271523,Volunteer Contribution,low,0,0,0,1,0,0,0,1,0,0,0,0,0,1,0,0,0,0,0,0,0,1,0,0,gampaha
7.3240753,80.6191626,Volunteer Contribution,low,1,1,0,0,1,0,1,0,0,0,1,0,0,0,0,1,0,1,0,0,0,0,0,1,kandy
6.8875934,79.8779604,Volunteer Contribution,low,0,0,0,1,0,0,0,1,0,1,0,0,0,1,0,0,0,0,0,0,1,1,0,0,colombo
7.184805,79.9093002,Volunteer Contribution,low,0,0,0,0,0,0,0,1,0,0,0,0,0,0,0,0,0,0,0,0,0,0,0,0,gampaha
6.8390825,79.8709594,Volunteer Contribution,low,0,0,0,0,1,0,0,0,0,0,1,0,0,0,0,1,0,1,0,0,0,0,0,1,colombo
6.774112708,79.91577882,Volunteer Contribution,low,0,0,0,0,0,0,0,0,0,0,1,0,0,0,0,1,0,1,0,0,0,0,0,1,colombo
6.598109236,80.01288597,Volunteer Contribution,low,0,0,0,0,0,0,0,0,0,0,0,0,0,1,0,0,0,0,1,1,0,0,0,0,kalutara
6.95077921,79.86407609,Volunteer Contribution,low,0,0,0,0,1,0,0,0,0,0,0,0,0,0,0,0,0,0,0,0,0,0,0,0,colombo
6.7875648,79.928017,Volunteer Contribution,low,0,0,0,0,0,0,0,0,1,0,0,0,0,0,0,0,0,0,0,0,0,0,0,0,colombo
8.0407913,79.839386,Volunteer Contribution,low,0,0,0,0,0,0,0,0,0,1,0,0,0,1,0,0,0,0,0,1,0,0,0,0,puttalam
6.6865825,79.9222434,Volunteer Contribution,low,0,0,0,0,0,0,0,0,0,0,0,0,0,1,0,0,1,0,0,0,0,0,0,0,kalutara
6.8900803,79.8710054,Volunteer Contribution,low,0,0,0,0,0,0,0,0,0,0,0,0,0,1,0,0,0,0,1,0,0,0,0,0,colombo
7.348094139,79.82915998,Volunteer Contribution,low,0,0,0,0,1,0,0,0,0,0,0,0,0,0,0,0,0,0,0,0,0,0,0,0,puttalam
6.9155224,79.8502767,Volunteer Contribution,low,0,0,0,0,0,0,0,0,1,0,0,0,0,0,0,0,0,0,0,0,1,1,0,0,colombo
6.813534,79.9197932,Volunteer Contribution,low,0,0,0,1,0,0,0,0,0,0,0,0,0,0,0,0,0,0,1,0,1,1,0,0,colombo
6.913121555,79.96594662,Volunteer Contribution,low,0,0,0,1,0,0,0,0,0,1,0,0,0,1,0,0,0,0,0,0,0,0,0,0,colombo
6.8649081,79.8996789,Volunteer Contribution,low,0,0,0,0,0,0,0,0,0,0,1,0,0,0,0,0,0,0,0,0,0,0,0,1,colombo
6.9269974,80.2183628,Volunteer Contribution,low,0,0,0,0,0,0,1,0,0,0,0,0,0,0,0,0,0,0,1,0,0,0,0,0,gampaha
6.8272247,80.0511777,Volunteer Contribution,low,0,0,0,0,0,0,0,0,0,1,0,0,0,1,0,0,0,0,0,1,0,0,0,0,kurunegala
6.8624842,79.8854983,Volunteer Contribution,low,0,0,0,1,0,0,0,0,0,0,0,0,0,0,0,0,0,0,0,0,0,1,0,0,colombo
6.8551817,79.9087754,Volunteer Contribution,low,0,0,0,1,0,0,0,0,0,0,0,0,0,0,0,0,0,0,1,0,0,0,0,0,colombo
6.7106361,79.9074262,Volunteer Contribution,low,0,0,0,0,0,1,0,0,1,0,0,0,0,1,0,0,0,0,1,0,0,0,0,0,kalutara
6.8755308,79.8609984,Volunteer Contribution,low,0,0,0,0,0,0,0,1,1,0,0,0,0,0,0,0,1,0,0,0,0,1,0,0,colombo
6.800263847,79.88183829,Volunteer Contribution,low,0,0,0,1,0,1,0,0,1,0,0,0,0,1,0,0,0,0,0,1,0,1,0,0,colombo
7.2905715,80.6337262,Volunteer Contribution,low,0,0,0,0,0,0,0,0,0,0,0,0,0,0,0,0,0,0,0,0,0,0,1,0,kandy
6.8017575,79.9227313,Volunteer Contribution,low,0,0,0,0,1,0,0,0,0,0,0,0,0,0,0,1,0,0,0,0,0,0,0,0,colombo
6.5320369,80.3977641,Volunteer Contribution,low,0,0,0,0,0,0,0,1,0,0,0,0,0,0,0,0,0,0,0,0,0,0,0,0,ratnapura
6.9365378,79.9013762,Volunteer Contribution,low,0,0,0,0,0,0,0,0,0,0,0,0,0,0,0,0,0,0,1,0,0,0,0,0,colombo
7.038398419,79.91181941,Volunteer Contribution,low,0,0,0,0,0,0,0,0,0,1,0,0,0,1,0,0,0,0,0,1,0,0,0,0,gampaha
6.8946715,79.9232376,Volunteer Contribution,low,0,0,0,0,0,0,0,0,0,1,0,0,0,1,1,0,0,0,0,0,0,0,0,0,colombo
8.3236857,80.4029884,Volunteer Contribution,low,1,1,0,0,1,0,1,0,0,0,1,0,0,0,0,1,0,1,1,0,0,0,0,1,anuradhapura
7.0280037,79.923,Volunteer Contribution,low,0,0,0,0,0,0,0,0,0,0,0,0,0,0,0,0,1,0,0,0,0,0,0,0,gampaha
7.316157518,79.86292362,Volunteer Contribution,low,0,0,0,0,0,0,0,0,0,0,1,0,0,0,0,1,0,0,0,0,0,0,0,1,puttalam
6.9270786,79.861243,Volunteer Contribution,low,0,0,0,0,0,0,0,1,1,0,0,0,0,0,0,0,0,0,0,0,0,1,0,0,colombo
6.9528802,79.8585674,Volunteer Contribution,low,0,1,0,0,0,0,0,0,0,0,1,0,0,0,0,1,0,0,0,0,0,0,1,0,colombo
7.1487915,80.4648588,Volunteer Contribution,low,0,1,0,1,0,0,0,0,0,0,0,0,0,1,0,0,0,0,0,0,0,0,0,0,kegalle
6.9105947,79.96842607,Volunteer Contribution,low,0,0,0,0,0,0,0,0,0,0,0,0,0,1,0,0,0,0,0,0,0,0,0,0,colombo
6.9934009,81.0549815,Volunteer Contribution,low,0,0,0,0,0,1,0,1,1,1,1,0,0,1,1,0,0,0,0,0,1,1,0,0,badulla
6.9270786,79.861243,Volunteer Contribution,low,0,0,0,0,0,0,0,0,0,0,0,0,0,0,0,0,0,0,0,0,1,1,0,0,colombo
6.9270786,79.861243,Volunteer Contribution,low,0,0,0,0,0,0,0,0,0,0,0,0,0,1,0,0,0,0,0,0,0,0,0,0,colombo
8.325651733,80.40006141,Volunteer Contribution,low,1,1,0,0,1,0,1,0,0,0,1,0,0,0,0,1,0,0,1,0,0,0,0,0,anuradhapura
6.931063171,79.95891548,Volunteer Contribution,low,0,1,0,0,1,0,0,0,0,0,1,0,0,0,0,1,0,1,0,0,0,0,0,1,colombo
6.9752536,79.9562398,Volunteer Contribution,low,0,0,0,0,1,0,0,0,0,0,1,0,0,0,0,0,0,0,0,0,0,0,0,1,gampaha
6.8929458,79.9743186,Volunteer Contribution,low,1,0,0,0,1,0,0,0,0,0,0,0,0,0,0,0,0,0,0,0,0,0,0,0,colombo
6.6100053,79.948281,Volunteer Contribution,low,1,1,0,0,1,0,0,0,0,0,0,0,0,0,0,1,0,1,0,0,0,0,0,0,kalutara
6.883564041,79.85769811,Volunteer Contribution,low,0,0,0,0,0,0,0,0,1,0,0,0,0,0,0,0,0,0,0,0,1,1,0,0,colombo
6.873120814,79.87909418,Volunteer Contribution,low,0,0,0,1,0,0,0,0,0,0,0,0,0,1,0,0,0,0,1,0,0,1,0,0,colombo
7.161157,79.8764085,Volunteer Contribution,low,0,0,0,0,0,0,0,0,0,0,0,0,0,0,0,0,0,0,0,0,1,0,0,0,gampaha
7.00061,80.033767,Volunteer Contribution,low,0,0,0,1,0,0,0,1,0,0,0,0,0,1,0,0,0,0,1,0,0,1,0,0,gampaha
7.2905715,80.6337262,Volunteer Contribution,low,1,1,0,0,1,0,0,0,1,0,1,0,0,0,0,1,1,1,0,0,0,1,0,0,kandy
6.9270786,79.861243,Volunteer Contribution,low,0,0,0,0,0,0,0,0,0,0,0,0,0,1,0,0,0,0,0,0,0,0,0,0,colombo
7.2905715,80.6337262,Volunteer Contribution,low,0,0,0,0,0,0,0,0,1,0,0,0,0,0,0,0,0,0,0,0,1,1,0,0,kandy
7.2974635,79.8821881,Volunteer Contribution,low,0,0,0,0,0,0,1,0,0,0,0,0,0,0,0,0,0,1,0,0,0,0,0,0,puttalam
6.947557035,79.86468315,Volunteer Contribution,low,0,0,0,0,0,1,0,0,0,1,0,0,0,1,1,0,0,0,0,1,0,0,0,0,colombo
7.2905715,80.6337262,Volunteer Contribution,low,0,0,0,0,0,0,0,0,1,0,0,0,0,0,0,0,0,0,0,0,0,0,0,0,kandy
8.322981293,80.40323718,Volunteer Contribution,low,1,1,0,0,1,0,1,0,0,0,1,0,0,0,0,1,0,1,1,0,0,0,0,1,anuradhapura
8.32140127,80.39915085,Volunteer Contribution,low,1,1,0,0,1,0,1,0,0,0,1,0,0,0,0,1,0,1,1,0,0,0,0,1,anuradhapura
6.8718973,79.9180475,Volunteer Contribution,low,0,0,0,0,0,0,0,0,0,0,0,0,0,1,0,0,0,0,1,1,0,0,0,0,colombo
8.3113518,80.4036508,Volunteer Contribution,low,0,0,0,0,0,0,0,0,0,0,0,0,0,0,0,0,0,0,1,0,1,0,0,0,anuradhapura
7.297401501,80.73229194,Volunteer Contribution,low,0,0,0,0,0,0,1,1,0,0,0,0,0,0,0,1,0,0,0,0,0,0,0,0,kandy
6.910062265,79.87717353,Volunteer Contribution,low,0,0,0,0,0,0,0,0,0,0,0,0,0,0,0,0,0,0,0,0,0,1,0,0,colombo
6.891064008,79.96286218,Volunteer Contribution,low,0,0,0,0,0,0,0,0,0,0,0,0,0,1,0,0,0,0,1,0,0,0,0,0,colombo
6.8017575,79.9227313,Volunteer Contribution,low,0,0,0,1,0,0,0,1,0,0,0,0,0,1,0,0,0,0,1,0,0,1,0,0,colombo
5.9739747,80.3621595,Volunteer Contribution,low,1,1,0,0,1,0,1,0,0,1,1,0,0,1,1,1,0,1,0,1,0,0,1,1,galle
6.7106361,79.9074262,Volunteer Contribution,low,1,0,0,0,1,0,0,1,1,0,1,0,0,0,0,1,0,1,0,0,0,1,0,1,kalutara
6.8671138,79.9101748,Volunteer Contribution,low,0,0,0,0,0,0,0,1,0,1,0,0,0,1,0,0,0,0,0,0,1,1,0,0,colombo
6.0374341,80.2204395,Volunteer Contribution,low,0,0,0,0,1,0,1,0,0,0,0,0,0,0,0,0,0,0,1,0,0,0,1,1,galle
7.1635434,80.5702443,Volunteer Contribution,low,0,0,0,0,0,0,0,0,0,0,0,0,0,1,0,0,0,0,0,0,0,0,1,0,kandy
7.0351922,79.9240799,Volunteer Contribution,low,1,0,0,0,0,0,0,0,0,0,0,0,0,0,0,0,0,0,0,0,0,0,0,0,gampaha
6.996574559,79.88941416,Volunteer Contribution,low,0,0,0,0,0,0,0,0,0,0,0,0,0,0,0,0,0,0,1,0,0,0,0,0,gampaha
7.0235798,80.2614146,Volunteer Contribution,low,0,0,0,0,0,0,0,0,0,0,0,0,0,0,0,0,0,0,1,0,0,0,0,0,kegalle
6.9721329,79.880888,Volunteer Contribution,low,0,1,0,1,1,0,1,0,0,0,1,0,0,1,0,1,0,0,1,0,0,0,1,1,colombo
6.885388213,79.96310912,Volunteer Contribution,low,0,0,0,1,0,0,0,0,0,0,0,0,0,0,0,0,0,0,0,0,0,0,0,0,colombo
6.0328948,80.2167912,Volunteer Contribution,low,0,0,0,0,0,0,0,0,1,0,0,0,0,0,0,0,1,0,0,0,0,0,0,0,galle
6.9049509,80.9117816,Volunteer Contribution,low,0,0,0,0,0,0,0,0,0,0,0,0,0,0,0,0,0,0,1,0,0,0,0,0,badulla
7.2905715,80.6337262,Volunteer Contribution,low,0,0,0,0,0,0,0,0,0,0,0,0,0,1,0,0,0,0,1,0,0,0,0,1,kandy
6.8717184,79.9774054,Volunteer Contribution,low,0,0,0,0,1,0,0,0,0,0,0,0,0,1,0,0,0,0,1,0,0,0,0,0,colombo
6.8455719,80.0035749,Volunteer Contribution,low,0,0,0,0,0,0,0,0,0,0,0,0,0,0,0,0,0,0,0,0,0,0,0,1,colombo
6.900900901,79.85781297,Volunteer Contribution,low,0,0,0,0,0,0,0,0,0,1,0,0,0,1,0,0,0,0,0,1,0,0,0,0,colombo
6.926295634,79.84503704,Volunteer Contribution,low,0,0,0,1,0,0,0,0,0,0,0,0,0,1,1,0,0,0,1,0,0,0,0,0,colombo
7.2905715,80.6337262,Volunteer Contribution,low,0,0,0,0,0,0,0,0,0,0,0,0,0,0,0,0,0,0,0,0,0,0,0,1,kandy
6.8447935,80.0150909,Volunteer Contribution,low,0,0,0,0,0,0,1,0,0,0,0,0,0,0,0,0,0,0,0,0,0,0,0,1,colombo
6.880558897,79.87322552,Volunteer Contribution,low,0,0,0,0,0,0,0,0,0,0,0,0,0,1,0,0,0,0,0,1,0,1,0,0,colombo
6.880380589,79.87309188,Volunteer Contribution,low,0,0,0,0,0,0,0,0,0,0,0,0,0,1,0,0,0,0,0,1,0,0,0,0,colombo
6.825878,80.9981576,Volunteer Contribution,low,0,0,0,0,0,0,0,0,1,0,0,0,0,0,0,0,0,0,0,0,0,0,0,0,badulla
6.8510951,79.9212011,Volunteer Contribution,low,0,0,0,0,0,0,0,0,0,0,0,0,0,0,0,0,0,0,1,0,0,0,0,0,colombo
8.044506635,80.53801423,Volunteer Contribution,low,0,0,0,0,0,0,0,0,1,0,0,0,0,0,0,0,0,0,0,0,0,0,0,0,anuradhapura
8.038396324,79.83109065,Volunteer Contribution,low,0,0,0,0,0,0,0,0,0,0,0,0,0,0,0,0,0,0,0,0,0,0,1,0,puttalam
7.1689738,79.9480608,Volunteer Contribution,low,0,0,0,0,0,0,0,0,0,0,0,0,0,0,0,0,0,0,1,0,0,1,0,0,gampaha
6.9270786,79.861243,Volunteer Contribution,low,0,0,0,1,0,0,0,1,0,1,0,0,0,1,0,0,0,0,1,1,0,0,1,0,colombo
7.859818172,80.65588105,Volunteer Contribution,low,0,0,0,0,0,0,0,0,0,0,0,0,0,0,0,0,0,0,0,0,0,0,1,0,matale
6.8440022,79.999431,Volunteer Contribution,low,0,0,0,0,0,0,0,0,0,0,0,0,0,0,0,0,0,0,1,0,0,0,0,0,colombo
6.8686686,79.8898816,Volunteer Contribution,low,1,0,0,0,0,0,0,0,0,0,0,0,0,0,0,0,0,0,0,0,0,0,0,0,colombo
6.373285673,80.35470561,Volunteer Contribution,low,0,0,0,0,0,1,0,0,0,0,0,0,0,1,0,0,0,0,0,0,0,0,0,0,galle
6.8971039,79.8774021,Volunteer Contribution,low,0,0,0,0,0,0,0,0,0,0,0,0,0,0,0,0,1,0,0,0,0,0,0,0,colombo
7.2905715,80.6337262,Volunteer Contribution,low,0,0,0,0,0,0,0,0,0,0,1,0,0,0,0,0,0,0,0,0,0,0,0,1,kandy
6.9091899,79.85398,Volunteer Contribution,low,0,0,0,0,0,0,0,0,0,0,0,0,0,0,0,0,0,0,0,0,1,1,0,0,colombo
6.9060787,79.9696277,Volunteer Contribution,low,0,0,0,0,0,0,0,0,0,1,0,0,0,0,0,0,0,0,1,1,0,0,0,0,colombo
7.3413492,80.593607,Volunteer Contribution,low,0,0,0,0,0,0,1,0,0,0,0,0,0,0,0,0,0,0,0,0,0,0,0,0,kandy
6.8747139,79.8988499,Volunteer Contribution,low,0,0,0,0,0,0,1,0,0,0,1,0,0,0,0,0,0,0,0,0,0,0,0,0,colombo
7.1689738,79.9480608,Volunteer Contribution,low,0,0,0,0,0,0,0,0,1,0,0,0,0,0,0,0,0,0,0,0,0,0,0,0,gampaha
7.2954302,80.2366261,Volunteer Contribution,low,1,0,0,0,0,0,0,0,0,0,1,0,0,0,0,1,0,0,0,0,0,0,0,1,kegalle
6.8579107,79.9161195,Volunteer Contribution,low,1,0,0,0,0,0,0,1,0,0,1,0,0,0,0,1,0,1,0,0,0,0,0,1,colombo
6.9711655,79.9222044,Volunteer Contribution,low,0,0,0,1,0,0,0,0,0,0,0,0,0,0,0,0,0,0,0,0,0,0,0,0,gampaha
5.9496309,80.5468529,Volunteer Contribution,low,0,0,0,0,0,0,0,0,1,0,0,0,0,0,0,0,0,0,0,0,0,0,0,0,matara
7.229570772,80.60293494,Volunteer Contribution,low,0,0,0,0,0,0,0,0,0,0,0,0,0,0,0,0,0,0,0,0,0,0,0,1,kandy
7.149417275,80.07349237,Volunteer Contribution,low,0,0,0,0,0,0,1,0,0,0,0,0,0,0,0,0,0,0,0,0,0,0,0,0,gampaha
6.9711655,79.9222044,Volunteer Contribution,low,0,0,0,0,0,0,1,0,0,0,0,0,0,0,0,0,0,0,0,0,0,0,0,1,gampaha
7.0401497,79.8598923,Volunteer Contribution,low,0,0,0,0,0,0,0,0,0,0,0,0,0,0,0,0,0,0,1,0,0,0,0,0,gampaha
6.9270786,79.861243,Volunteer Contribution,low,0,0,0,0,0,0,0,0,0,0,0,0,0,0,0,0,0,0,1,0,0,0,0,0,colombo
6.9270786,79.861243,Volunteer Contribution,low,0,0,0,0,0,0,0,0,1,0,0,0,0,0,0,0,0,0,0,0,0,0,0,0,colombo
7.2905715,80.6337262,Volunteer Contribution,low,0,0,0,0,0,0,0,0,0,0,0,0,0,0,0,1,0,0,1,0,0,0,0,0,kandy
7.247215705,80.34232331,Volunteer Contribution,low,0,0,0,1,0,0,0,0,0,0,0,0,0,1,0,0,0,0,1,0,1,1,0,0,kegalle
7.2905715,80.6337262,Volunteer Contribution,low,0,0,0,0,0,0,0,0,0,0,0,0,0,0,0,0,0,0,0,0,0,0,0,1,kandy
6.8814717,79.8763476,Volunteer Contribution,low,0,0,0,0,0,0,1,0,0,0,0,0,0,0,0,0,0,0,0,0,0,0,0,0,colombo
7.0950718,80.0685664,Volunteer Contribution,low,0,0,0,0,0,0,1,0,0,0,0,0,0,0,0,0,0,0,0,0,0,0,0,0,colombo
6.9270786,79.861243,Volunteer Contribution,low,0,0,0,0,0,0,0,0,0,0,0,0,0,0,0,0,0,0,1,0,0,0,0,0,colombo
6.8409891,79.9017187,Volunteer Contribution,low,0,0,0,0,0,0,0,1,0,0,0,0,0,1,0,0,0,0,1,1,1,1,0,0,colombo
7.2905715,80.6337262,Volunteer Contribution,low,0,0,0,0,0,0,0,0,0,0,0,0,0,0,0,0,0,0,0,0,0,0,0,1,kandy
8.05,79.716667,Volunteer Contribution,low,0,0,0,0,0,0,0,0,0,0,0,0,0,1,0,0,0,0,0,0,0,0,0,0,puttalam
6.7144066,79.9889824,Volunteer Contribution,low,0,0,0,0,0,0,0,0,0,0,0,0,0,0,0,0,0,0,1,0,0,0,0,0,kalutara
6.978206899,79.90543127,Volunteer Contribution,low,0,0,0,1,0,1,0,0,0,1,0,0,0,0,0,0,0,0,1,0,0,1,0,0,gampaha
6.8900023,79.8803855,Volunteer Contribution,low,0,0,0,0,1,0,0,0,0,0,0,0,0,0,0,0,0,0,0,0,0,0,0,0,colombo
7.0409325,79.9400501,Volunteer Contribution,low,0,0,0,0,0,0,0,0,0,0,0,0,0,1,0,0,0,0,0,0,0,0,0,0,gampaha
7.876334484,80.77183915,Volunteer Contribution,low,0,0,0,0,0,1,0,0,0,0,0,0,0,1,1,0,0,0,1,1,0,0,0,0,matale
7.1246191,80.1143429,Volunteer Contribution,low,0,0,0,0,1,0,1,1,0,1,1,0,0,1,0,1,0,1,0,0,1,0,1,1,gampaha
6.782434,80.3675141,Volunteer Contribution,low,0,0,0,0,0,0,0,0,0,1,0,0,0,1,0,0,0,0,1,0,0,0,0,0,ratnapura
6.8692133,81.0448156,Volunteer Contribution,low,0,0,0,1,0,0,0,1,1,1,0,0,0,1,0,0,0,0,1,1,0,0,0,0,badulla
6.6307411,80.0045811,Volunteer Contribution,low,0,0,0,0,1,0,0,0,0,1,0,0,0,1,0,0,0,0,0,0,1,1,0,1,colombo
7.081378395,80.03823657,Volunteer Contribution,low,0,0,0,0,1,0,0,0,0,0,1,0,0,0,0,1,0,1,0,0,0,0,0,1,gampaha
5.9737109,80.4293545,Volunteer Contribution,low,0,0,0,0,0,1,0,0,0,0,0,0,0,1,0,0,0,0,0,1,0,0,0,0,matara
7.0859333,80.0334181,Volunteer Contribution,low,0,0,0,0,0,0,0,0,0,0,1,0,0,0,0,1,0,0,0,0,0,0,0,1,gampaha
6.71236693,79.90746975,Volunteer Contribution,low,0,0,0,0,0,0,0,0,0,0,0,0,0,1,0,0,0,0,0,0,0,0,0,0,kalutara
6.9189076,79.867713,Volunteer Contribution,low,0,1,0,0,1,0,0,0,1,0,0,0,0,0,0,1,1,0,1,0,0,0,0,0,colombo
6.7106361,79.9074262,Volunteer Contribution,low,0,0,0,0,0,0,0,0,0,0,0,0,0,0,0,0,1,0,0,0,0,0,1,0,kalutara
6.9270786,79.861243,Volunteer Contribution,low,0,0,0,0,0,0,0,0,0,0,0,0,0,1,1,0,0,0,1,1,0,0,0,0,colombo
6.676142979,79.93085575,Volunteer Contribution,low,0,0,0,0,0,1,0,0,0,0,0,0,0,1,1,0,0,0,0,0,0,0,0,0,kalutara
6.9270786,79.861243,Volunteer Contribution,low,0,0,0,0,0,0,0,0,1,0,0,0,0,1,0,0,0,0,0,0,0,1,0,0,colombo
7.00242185,79.94283294,Volunteer Contribution,low,0,0,0,0,0,0,0,0,0,0,0,0,0,1,0,0,0,0,1,0,0,0,0,0,gampaha
6.889785947,79.88342011,Volunteer Contribution,low,0,0,0,0,0,0,0,0,0,0,0,0,0,0,0,0,0,0,1,0,1,1,0,0,colombo
6.797833505,79.89054769,Volunteer Contribution,low,0,0,0,0,0,0,0,0,0,0,0,0,0,0,0,0,0,1,0,0,0,0,0,0,colombo
6.983942155,81.04522059,Volunteer Contribution,low,0,0,0,0,0,0,0,1,0,0,0,0,0,0,0,0,0,0,0,0,1,0,0,0,badulla
6.844512967,79.93433649,Volunteer Contribution,low,0,0,0,0,0,0,0,0,0,0,0,0,0,1,0,0,0,0,0,0,0,0,0,0,colombo
7.2561409,80.3540377,Volunteer Contribution,low,1,1,0,0,1,0,0,0,0,0,1,0,0,0,0,1,0,1,0,0,0,0,0,1,kegalle
6.849280646,80.05388394,Volunteer Contribution,low,1,0,0,0,1,0,0,0,0,0,0,0,0,0,0,0,0,0,0,0,0,0,0,0,colombo
7.1540552,80.0593752,Volunteer Contribution,low,0,0,0,0,0,0,0,0,0,0,0,0,0,0,0,0,1,0,0,0,0,1,0,0,gampaha
6.855649841,80.08798189,Volunteer Contribution,low,0,0,0,0,0,0,0,0,1,0,0,0,0,0,0,0,0,0,0,0,0,0,0,0,colombo
6.9048533,79.9518756,Volunteer Contribution,low,1,0,0,1,1,1,0,0,0,0,1,0,0,1,1,1,0,0,1,1,0,0,0,1,colombo
6.839923854,79.92336032,Volunteer Contribution,low,0,0,0,0,0,0,0,0,0,1,0,0,0,1,0,0,0,0,1,1,0,0,0,0,colombo
6.8919017,79.8829527,Volunteer Contribution,low,0,0,0,0,1,0,0,0,0,1,1,0,0,1,1,0,0,0,0,0,0,0,0,1,colombo
7.2849464,80.6135194,Volunteer Contribution,low,0,1,0,0,1,0,0,0,0,0,1,0,0,0,0,1,0,1,0,0,0,0,0,0,kandy
6.9517846,79.9132991,Volunteer Contribution,low,0,0,0,0,0,0,0,0,1,0,0,0,0,0,0,0,0,0,0,0,0,0,0,0,gampaha
7.130410892,80.02234804,Volunteer Contribution,low,0,0,0,0,1,0,0,0,0,0,1,0,0,0,0,0,0,1,0,0,0,0,0,1,gampaha
6.9511189,79.8740747,Volunteer Contribution,low,0,0,0,0,0,0,1,0,0,0,0,0,0,0,0,0,0,0,0,0,0,0,0,0,colombo
7.241194257,79.86023486,Volunteer Contribution,low,0,0,0,0,0,0,0,0,0,0,0,0,0,0,0,0,0,0,0,0,0,1,0,0,gampaha
6.7879304,79.8851142,Volunteer Contribution,low,0,0,0,0,0,0,1,0,0,0,0,0,0,0,0,0,0,0,0,0,0,0,0,0,colombo
6.9284315,79.8951734,Volunteer Contribution,low,0,0,0,0,0,0,0,0,0,1,0,0,0,1,1,0,0,0,0,1,0,0,0,0,colombo
6.8786435,79.867377,Volunteer Contribution,low,0,0,0,0,0,0,0,0,0,0,0,0,0,1,0,0,0,0,1,1,0,0,0,0,colombo
6.9270786,79.861243,Volunteer Contribution,low,0,0,0,0,0,0,0,0,1,0,0,0,0,0,0,0,1,0,1,0,0,0,0,0,colombo
7.262994129,80.58650273,Volunteer Contribution,low,0,0,0,0,0,0,0,0,0,0,0,0,0,0,0,0,0,0,1,0,0,0,0,0,kandy
6.8649081,79.8996789,Volunteer Contribution,low,0,0,0,0,0,0,0,0,0,0,0,0,0,1,0,0,0,0,1,1,0,0,0,0,colombo
7.3153819,80.7449309,Volunteer Contribution,low,0,0,0,0,0,0,0,0,0,0,0,0,0,0,0,0,0,0,1,0,0,0,0,0,kandy
7.1614782,80.5657573,Volunteer Contribution,low,0,0,0,0,0,0,0,0,0,0,0,0,0,0,0,1,0,0,0,0,0,0,0,0,kandy
7.2905715,80.6337262,Volunteer Contribution,low,0,0,0,0,0,0,1,0,0,0,0,0,0,0,0,0,0,0,0,0,0,0,0,1,kandy
7.2869922,80.6933288,Volunteer Contribution,low,0,0,0,0,0,0,1,0,0,0,0,0,0,0,0,1,0,1,1,0,0,0,0,1,kandy
6.8510951,79.9212011,Volunteer Contribution,low,0,0,0,1,0,0,0,0,0,0,0,0,0,1,0,0,0,0,0,0,1,1,0,0,colombo
7.2869922,80.6933288,Volunteer Contribution,low,0,0,0,0,0,0,1,0,0,0,0,0,0,0,0,0,0,1,1,0,0,0,0,1,kandy
5.9415962,80.5810625,Volunteer Contribution,low,1,0,0,0,1,0,1,0,0,0,0,0,0,0,0,0,0,1,0,0,0,0,0,1,matara
6.9270786,79.861243,Volunteer Contribution,low,0,0,0,1,0,1,0,1,0,1,0,0,0,1,1,0,0,0,0,1,0,1,1,0,colombo
6.222120006,80.16522584,Volunteer Contribution,low,0,0,0,0,0,0,0,0,0,1,0,0,0,0,1,0,0,0,1,0,0,0,0,0,kalutara
6.9270786,79.861243,Volunteer Contribution,low,0,0,0,0,0,0,0,1,1,0,0,0,0,1,0,0,1,0,1,0,1,1,0,0,colombo
7.139054419,80.09458789,Volunteer Contribution,low,0,0,0,0,0,0,1,0,0,1,1,0,0,1,1,1,0,0,0,1,0,0,0,1,gampaha
6.925932562,79.88482979,Volunteer Contribution,low,0,0,0,0,0,0,0,0,0,1,1,0,0,0,0,0,0,0,0,1,0,0,1,1,colombo
8.041643216,80.95326776,Volunteer Contribution,low,0,0,0,0,1,0,0,0,0,0,0,0,0,0,0,1,0,0,1,0,0,0,0,1,polonnaruwa
6.7951349,79.8874739,Volunteer Contribution,low,1,1,0,0,1,0,0,0,0,0,1,0,0,0,0,1,0,1,0,0,0,0,0,1,colombo
5.9496309,80.5468529,Volunteer Contribution,low,0,0,0,0,0,0,0,0,0,0,0,0,0,0,0,1,1,1,0,0,0,0,0,0,matara
6.0328948,80.2167912,Volunteer Contribution,low,0,0,0,0,0,0,0,0,0,0,0,0,0,0,0,0,0,0,1,0,0,0,0,0,galle
6.9954278,79.9189118,Volunteer Contribution,low,1,0,0,0,0,0,0,0,1,0,0,0,1,0,0,1,0,1,1,0,0,0,0,1,gampaha
6.999902681,79.95090404,Volunteer Contribution,low,0,0,0,0,0,0,0,1,1,0,0,0,0,0,0,0,1,0,1,0,0,0,0,0,gampaha
6.863941843,79.95089826,Volunteer Contribution,low,0,0,0,0,0,1,0,1,0,0,0,0,0,1,0,0,0,0,1,0,1,0,0,0,colombo
6.864010627,79.95082473,Volunteer Contribution,low,0,0,0,0,0,1,0,0,0,0,0,0,0,1,0,0,0,0,0,0,0,0,0,0,colombo
6.9270786,79.861243,Volunteer Contribution,low,0,0,0,0,0,0,0,0,0,1,0,0,0,1,1,0,0,0,0,1,0,0,0,0,colombo
6.9270786,79.861243,Volunteer Contribution,low,0,0,0,0,0,0,0,0,0,0,0,0,1,0,0,0,0,0,0,0,0,0,0,0,colombo
6.881033821,79.89773188,Volunteer Contribution,low,0,0,0,0,0,0,0,1,0,0,0,0,0,1,0,0,0,0,1,0,0,1,0,0,colombo
6.9270786,79.861243,Volunteer Contribution,low,0,0,0,0,0,0,0,0,0,0,0,0,1,0,0,0,0,0,0,0,0,0,0,0,colombo
6.9406938,79.8811094,Volunteer Contribution,low,0,0,0,0,0,0,0,0,1,0,0,0,0,0,0,0,0,0,1,0,1,1,1,0,colombo
7.0477897,79.8970348,Volunteer Contribution,low,0,0,0,0,0,0,0,0,0,0,0,0,0,0,0,0,0,0,0,0,0,1,0,0,gampaha
6.790019837,79.91840628,Volunteer Contribution,low,0,0,0,1,0,0,0,0,1,1,0,0,0,0,1,0,0,0,0,1,0,1,1,0,colombo
6.978286709,79.91228818,Volunteer Contribution,low,0,0,0,0,0,1,0,0,0,0,0,0,0,1,1,0,0,0,1,0,0,0,0,0,gampaha
6.3731028,80.3575128,Volunteer Contribution,low,0,0,0,0,0,1,0,0,0,0,0,0,0,1,0,0,0,0,1,0,0,0,0,0,galle
6.9284315,79.8951734,Volunteer Contribution,low,0,0,0,0,0,0,0,0,0,0,0,0,1,0,0,0,0,0,0,0,0,0,0,0,colombo
6.7106361,79.9074262,Volunteer Contribution,low,0,0,0,0,1,0,0,0,0,0,0,0,0,0,0,0,0,0,0,0,0,0,0,0,kalutara
6.8946383,79.9441929,Volunteer Contribution,low,0,0,0,0,1,0,0,0,0,0,0,0,0,0,0,0,0,0,0,0,0,0,0,0,kalutara
7.1275569,79.8957248,Volunteer Contribution,low,0,0,0,1,0,0,0,0,0,0,0,0,0,1,0,0,0,0,0,1,0,0,0,0,gampaha
6.9934009,81.0549815,Volunteer Contribution,low,0,0,0,0,0,0,0,0,0,0,0,0,0,0,0,0,0,0,0,0,0,0,0,1,badulla
7.1275569,79.8957248,Volunteer Contribution,low,0,0,0,0,0,0,0,0,0,0,0,0,0,0,0,0,0,0,0,1,0,0,0,0,gampaha
6.772306683,79.91713385,Volunteer Contribution,low,0,0,0,1,0,0,0,1,1,0,0,0,0,0,0,0,0,0,0,0,0,0,0,0,colombo
7.2905715,80.6337262,Volunteer Contribution,low,0,0,0,0,0,0,0,0,0,0,0,0,0,0,0,0,0,0,1,0,0,0,0,0,kandy
6.8860799,79.9626354,Volunteer Contribution,low,1,0,0,0,1,0,0,0,1,1,0,0,1,0,0,0,0,1,0,0,0,0,0,1,colombo
7.2798254,80.6845479,Volunteer Contribution,low,0,0,0,0,0,0,0,0,0,0,0,0,0,0,0,0,0,0,0,0,0,0,1,0,kandy
7.2522591,80.4519446,Volunteer Contribution,low,0,0,0,0,0,0,0,0,0,0,0,0,0,0,0,0,0,0,1,0,0,1,0,0,kegalle
7.474771,80.3625148,Volunteer Contribution,low,0,0,0,0,0,0,0,0,0,1,0,0,1,1,1,1,0,0,0,0,0,0,0,1,kurunegala
6.7906269,79.8896223,Volunteer Contribution,low,0,0,0,0,0,0,0,0,0,0,0,0,0,0,0,0,0,0,0,0,0,0,0,1,colombo
6.7880079,79.885056,Volunteer Contribution,low,0,0,0,0,0,0,0,0,0,0,0,0,0,0,0,0,0,0,0,0,0,0,0,1,colombo
6.9038844,79.9551084,Volunteer Contribution,low,0,0,0,0,0,0,0,1,1,0,0,0,0,0,0,0,1,0,1,0,0,0,0,0,colombo
6.0632692,80.2035676,Volunteer Contribution,low,0,0,0,0,0,0,0,0,0,0,0,0,0,0,0,0,0,0,0,0,0,1,0,0,galle
6.8017575,79.9227313,Volunteer Contribution,low,0,0,0,0,0,0,0,0,0,0,0,0,1,0,0,0,0,0,0,0,0,0,0,0,colombo
6.92556025,79.8822935,Volunteer Contribution,low,0,0,0,0,0,0,0,0,0,0,0,0,0,0,0,0,0,0,0,0,0,1,0,0,colombo
6.8411652,79.9654324,Volunteer Contribution,low,0,0,0,1,0,0,0,1,0,1,0,0,0,1,1,0,0,0,1,0,1,1,1,0,colombo
7.2245299,80.0192803,Volunteer Contribution,low,0,0,0,0,0,0,0,1,1,0,0,0,0,1,0,1,0,0,0,1,0,1,0,1,gampaha
6.84551137,80.00364927,Volunteer Contribution,low,0,0,0,0,0,0,0,0,0,0,0,0,1,0,0,0,0,0,0,0,0,0,0,0,colombo
6.03646656,80.23250626,Volunteer Contribution,low,0,0,0,0,0,0,0,0,0,0,0,0,1,0,0,0,0,0,0,0,0,0,0,0,galle
6.9928442,79.8763576,Volunteer Contribution,low,0,0,0,0,0,0,0,0,0,0,0,0,0,1,0,0,0,0,1,0,0,0,0,0,gampaha
6.701696844,79.92665888,Volunteer Contribution,low,1,0,0,0,1,0,0,0,0,0,0,0,0,0,0,1,0,1,0,0,0,0,0,0,kalutara
7.2879674,80.7276783,Volunteer Contribution,low,0,0,0,0,0,0,0,0,0,0,0,0,0,0,0,0,0,0,1,0,0,1,0,0,kandy
6.8979941,79.9222869,Volunteer Contribution,low,1,0,0,0,1,0,0,0,0,0,0,0,1,0,0,1,0,0,0,0,0,0,0,0,colombo
6.82547173,80.13915714,Volunteer Contribution,low,0,0,0,0,0,0,0,0,0,0,0,0,0,0,0,0,0,0,1,0,0,0,1,0,colombo
6.8731332,81.0491074,Volunteer Contribution,low,1,1,0,1,1,0,0,1,1,1,0,0,1,1,1,1,0,1,0,1,0,0,0,1,badulla
6.815503115,79.96108968,Volunteer Contribution,low,0,0,0,0,0,0,0,0,0,0,0,0,0,0,0,0,0,0,0,0,1,0,0,0,colombo
7.3306613,80.1232513,Volunteer Contribution,low,0,0,0,0,0,0,0,0,0,0,0,0,0,0,0,0,0,0,0,0,1,0,0,0,gampaha
6.892366,79.8770024,Volunteer Contribution,low,0,0,0,1,0,0,0,1,0,0,0,0,0,0,0,0,0,0,0,0,0,0,0,0,colombo
6.9487664,79.8604831,Volunteer Contribution,low,0,0,0,1,0,0,0,1,0,0,0,0,0,0,0,0,0,0,0,0,0,1,0,0,colombo
6.845330577,79.93013681,Volunteer Contribution,low,0,0,0,0,0,0,0,0,0,0,0,0,0,1,0,0,0,0,0,0,1,1,0,0,colombo
6.905469695,79.88053881,Volunteer Contribution,low,0,0,0,0,0,0,0,0,0,0,0,0,0,0,0,0,0,0,0,0,0,0,1,0,colombo
6.870701648,79.87171061,Volunteer Contribution,low,0,0,0,0,0,0,0,0,0,0,0,0,0,0,0,0,0,0,0,0,0,1,0,0,colombo
6.886473,79.8562826,Volunteer Contribution,low,0,0,0,0,0,0,0,0,0,0,0,0,0,0,0,0,0,0,0,0,0,0,0,1,colombo
6.9934009,81.0549815,Volunteer Contribution,low,0,0,0,0,0,0,0,0,0,0,0,0,0,0,0,0,0,0,0,0,0,0,1,0,badulla
6.9124392,79.8494893,Volunteer Contribution,low,0,0,0,0,0,0,0,0,0,0,0,0,0,1,0,0,0,0,0,0,0,0,0,0,colombo
7.3944146,80.5521785,Volunteer Contribution,low,0,0,0,0,0,0,0,0,0,0,0,0,0,1,0,0,0,0,0,1,0,0,0,0,kandy
6.657693531,80.69982498,Volunteer Contribution,low,0,0,0,0,0,0,0,0,1,0,0,0,1,1,0,0,0,1,1,0,0,1,0,1,ratnapura
6.8207924,79.9601856,Volunteer Contribution,low,1,0,0,0,1,0,0,0,0,0,0,0,1,0,0,0,0,1,1,0,0,0,0,1,colombo
6.9573101,79.8992459,Volunteer Contribution,low,0,0,0,0,0,0,0,0,0,0,0,0,0,0,0,0,0,0,0,0,0,1,0,0,gampaha
6.7144066,79.9889824,Volunteer Contribution,low,0,0,0,0,0,0,0,0,0,0,0,0,0,0,0,0,0,0,0,0,0,0,1,0,kalutara
6.8517315,79.8785705,Volunteer Contribution,low,0,0,0,1,0,0,0,1,0,0,0,0,0,0,0,0,0,0,0,0,0,1,0,0,colombo
6.984285527,79.95696583,Volunteer Contribution,low,0,0,0,0,0,0,0,0,1,0,0,0,0,0,0,0,0,0,0,0,0,1,0,0,gampaha
6.8889391,79.8702182,Volunteer Contribution,low,0,0,0,1,0,0,0,1,0,0,0,0,0,0,0,0,0,0,1,0,0,0,0,0,colombo
6.7229806,80.0646682,Volunteer Contribution,low,1,1,0,0,0,0,0,0,0,0,0,0,0,0,0,1,0,1,0,0,0,0,0,1,kalutara
6.863712339,79.90729809,Volunteer Contribution,low,0,0,0,0,0,0,0,0,0,1,0,0,0,0,0,0,0,0,0,0,0,0,0,0,colombo
7.0457711,80.2538059,Volunteer Contribution,low,0,0,0,0,0,0,0,0,0,1,0,0,0,1,0,0,0,0,0,0,0,0,1,0,kegalle
7.0485239,79.9810765,Volunteer Contribution,low,1,0,0,0,1,0,0,0,0,0,0,0,0,0,0,1,0,0,0,0,0,0,0,0,gampaha
6.9059807,79.8870379,Volunteer Contribution,low,0,0,0,1,0,0,0,0,0,0,0,0,0,0,0,0,0,0,1,0,1,1,0,0,colombo
6.8689015,79.8902806,Volunteer Contribution,low,0,0,0,0,0,0,0,0,0,0,0,0,0,0,0,0,0,0,0,0,0,0,1,0,colombo
6.8246473,79.9131973,Volunteer Contribution,low,0,0,0,0,0,1,0,0,0,0,0,0,0,1,0,0,0,0,1,1,0,0,0,0,colombo
6.840877457,79.92645171,Volunteer Contribution,low,0,0,0,1,0,0,0,1,0,0,0,0,0,1,0,0,0,0,0,1,0,1,0,0,colombo
6.8979941,79.9222869,Volunteer Contribution,low,1,1,0,0,1,0,0,0,0,1,0,0,1,1,1,1,0,1,0,0,0,0,0,1,colombo
6.852767,79.9035846,Volunteer Contribution,low,0,0,0,0,0,0,0,0,0,0,0,0,0,0,0,0,0,0,0,0,0,0,1,0,colombo
7.294184,80.7380716,Volunteer Contribution,low,0,0,0,0,0,0,0,0,0,0,0,0,0,0,0,0,0,0,1,0,0,0,1,0,kandy
6.9054597,79.9559921,Volunteer Contribution,low,0,0,0,0,0,0,0,0,0,0,0,0,0,1,0,0,0,0,1,0,0,0,0,0,colombo
7.467465,80.6234161,Volunteer Contribution,low,0,0,0,0,0,0,0,0,0,0,0,0,0,0,0,0,0,0,0,0,0,0,0,1,matale
6.90797211,79.96496709,Volunteer Contribution,low,0,0,0,0,1,0,0,0,0,0,0,0,0,0,0,0,0,0,0,0,0,0,0,1,colombo
7.290006,80.6386389,Volunteer Contribution,low,0,0,0,0,0,0,0,0,0,0,0,0,1,0,0,1,0,0,0,0,0,0,0,0,kandy
6.8978344,80.0814292,Volunteer Contribution,low,0,0,0,1,0,0,0,1,1,0,0,0,0,0,0,0,0,0,0,0,0,0,0,0,colombo
6.9284315,79.8951734,Volunteer Contribution,low,0,0,0,0,0,0,0,0,0,0,0,0,0,0,0,0,0,0,0,0,0,0,1,0,colombo
6.9233546,79.9227055,Volunteer Contribution,low,0,0,1,0,0,0,0,0,0,0,0,0,0,0,0,0,0,0,0,0,0,0,0,0,colombo
6.927108481,79.94098663,Volunteer Contribution,low,0,0,0,0,0,0,0,0,0,0,0,0,1,0,0,0,0,0,0,0,0,0,0,0,colombo
6.9270786,79.861243,Volunteer Contribution,low,0,0,0,0,1,0,0,0,0,0,0,0,0,0,0,0,0,0,1,0,0,0,0,1,colombo
6.9057611,79.9835848,Volunteer Contribution,low,0,0,0,0,1,0,0,0,0,0,0,0,1,0,0,1,0,1,0,0,0,0,0,0,colombo
7.0623959,79.9668308,Volunteer Contribution,low,0,0,0,0,0,0,0,0,1,0,0,0,0,0,0,0,0,0,0,0,0,0,0,0,gampaha
6.8259683,80.0014748,Volunteer Contribution,low,0,0,0,0,0,0,0,0,0,0,0,0,0,0,0,0,0,0,0,0,0,1,0,0,colombo
6.992476826,79.87161398,Volunteer Contribution,low,0,0,0,0,0,0,0,0,1,0,0,0,0,1,0,0,0,0,1,0,0,0,0,0,gampaha
7.2905715,80.6337262,Volunteer Contribution,low,0,0,0,0,0,0,0,0,0,0,0,0,0,0,0,0,0,0,0,0,0,0,0,1,kandy
6.929061,79.9827754,Volunteer Contribution,low,1,0,0,0,0,0,0,0,0,0,0,0,1,0,0,0,1,1,0,0,0,0,1,0,colombo
6.91232189,79.96556355,Volunteer Contribution,low,0,0,0,0,0,0,0,0,0,0,0,0,1,0,0,0,0,0,0,0,0,0,0,0,colombo
6.8780032,79.8851072,Volunteer Contribution,low,1,0,0,0,0,0,0,1,0,0,0,0,0,0,0,1,0,1,0,0,0,0,0,0,colombo
5.9496309,80.5468529,Volunteer Contribution,low,0,0,0,0,0,0,0,0,0,0,0,0,0,0,0,0,1,0,0,0,0,0,0,0,matara
6.878735,79.876104,Volunteer Contribution,low,1,0,0,0,0,0,0,0,0,0,0,0,1,0,0,1,0,0,0,0,0,0,0,1,colombo
6.8463993,79.9484346,Volunteer Contribution,low,0,0,0,0,0,0,0,0,0,0,0,0,0,1,0,0,0,0,1,0,0,0,0,0,colombo
6.8637306,79.8937333,Volunteer Contribution,low,0,0,0,1,0,0,0,1,0,0,0,0,0,1,0,0,0,0,0,0,0,1,0,0,colombo
6.60843038,80.62374114,Volunteer Contribution,low,0,0,0,0,0,0,0,0,0,0,0,0,0,1,0,0,0,0,0,0,0,0,0,0,ratnapura
6.8741798,79.9032167,Volunteer Contribution,low,0,1,0,0,0,0,0,0,0,0,0,0,0,1,0,0,0,0,1,0,0,0,0,0,colombo
5.9739747,80.3621595,Volunteer Contribution,low,0,0,1,1,0,1,0,0,0,0,0,0,0,1,0,0,1,0,0,1,0,0,1,0,galle
6.9671024,79.8717861,Volunteer Contribution,low,1,1,0,0,1,0,0,0,1,0,0,0,1,0,0,1,1,1,1,0,1,1,0,1,colombo
6.9424282,79.9045771,Volunteer Contribution,low,0,0,0,0,0,0,0,0,0,0,0,0,0,1,0,0,0,0,1,1,0,0,0,0,colombo
6.8510951,79.9212011,Volunteer Contribution,low,0,0,0,0,0,0,0,1,0,0,0,0,1,1,0,1,0,0,0,0,0,0,0,0,colombo
6.0515591,80.2572225,Volunteer Contribution,low,0,0,0,0,0,0,0,0,0,1,0,0,0,1,0,0,0,0,0,1,0,0,0,0,galle
6.9195342,79.8477057,Volunteer Contribution,low,1,0,0,0,1,0,0,0,0,0,0,0,0,0,0,0,0,0,0,0,0,0,0,0,colombo
6.861093864,79.90816437,Volunteer Contribution,low,0,0,0,0,0,0,0,1,0,0,0,0,0,0,0,0,0,0,1,0,0,0,0,0,colombo
6.8979941,79.9222869,Volunteer Contribution,low,0,0,0,1,0,0,0,1,0,0,0,0,0,0,0,0,0,0,0,0,0,1,0,0,colombo
6.9260681,79.9239119,Volunteer Contribution,low,0,0,0,0,0,0,0,0,1,0,0,0,0,0,0,0,0,0,1,0,0,1,0,0,colombo
6.3068036,80.0340358,Volunteer Contribution,low,0,0,0,0,0,0,0,0,0,0,0,0,1,0,0,0,0,1,0,0,0,0,0,1,gampaha
6.955617696,79.88758115,Volunteer Contribution,low,0,0,0,0,0,0,0,0,0,1,0,0,0,1,0,0,0,0,0,0,0,0,0,0,gampaha
5.9737109,80.4293545,Volunteer Contribution,low,0,0,0,0,0,0,0,0,0,0,0,0,0,1,0,0,0,0,0,0,0,0,0,0,matara
7.2790074,80.6167341,Volunteer Contribution,low,0,0,0,0,0,0,0,0,0,0,0,0,0,1,0,0,0,0,0,0,0,0,0,0,kandy
7.046603494,79.95712352,Volunteer Contribution,low,1,1,0,1,1,1,0,1,0,0,0,0,1,1,0,1,1,1,0,1,1,0,0,1,gampaha
7.005392009,79.9537199,Volunteer Contribution,low,0,0,0,0,0,0,0,0,0,0,0,0,1,0,0,0,0,0,0,0,0,0,0,1,gampaha
6.934659504,79.96247405,Volunteer Contribution,low,0,0,0,0,0,0,0,0,0,0,0,0,0,0,0,0,0,0,0,0,1,0,0,0,colombo
6.9253491,79.8729263,Volunteer Contribution,low,0,0,0,0,1,0,0,0,0,0,0,0,0,0,0,0,0,0,1,0,0,0,0,1,colombo
6.901113867,79.85500116,Volunteer Contribution,low,0,0,0,0,1,0,0,0,0,0,0,0,0,1,0,1,0,0,0,0,0,1,0,1,colombo
6.0590284,80.5684892,Volunteer Contribution,low,0,0,0,0,0,0,0,1,0,0,0,0,0,0,0,0,1,0,0,0,0,0,0,0,matara
6.984271671,79.8984468,Volunteer Contribution,low,0,0,0,0,0,0,0,0,0,0,0,0,0,0,0,0,1,0,0,0,0,1,0,0,gampaha
6.1864684,80.1980529,Volunteer Contribution,low,0,0,0,0,0,0,0,0,0,0,0,0,0,1,0,0,0,0,0,0,0,1,0,0,galle
6.9060787,79.9696277,Volunteer Contribution,low,0,0,0,0,0,0,0,0,0,0,0,0,1,0,0,0,0,0,0,0,0,0,0,0,colombo
6.92944496,79.93677417,Volunteer Contribution,low,0,0,0,0,0,0,0,0,0,0,0,0,0,0,0,0,0,0,1,0,0,0,0,0,colombo
6.9060787,79.9696277,Volunteer Contribution,low,0,0,0,0,0,0,0,0,0,0,0,0,1,0,0,0,0,0,0,0,0,0,0,0,colombo
7.000793732,79.95333464,Volunteer Contribution,low,0,0,0,0,0,0,0,0,0,0,0,0,0,0,0,0,0,0,0,0,1,1,0,0,gampaha
7.3180051,80.6295254,Volunteer Contribution,low,0,0,0,0,0,0,0,0,0,1,0,0,0,1,1,0,0,0,0,0,0,0,0,0,kandy
6.8510951,79.9212011,Volunteer Contribution,low,0,0,0,1,0,0,0,1,0,0,0,0,0,1,0,0,0,0,0,0,0,0,0,0,colombo
6.855872443,80.09256363,Volunteer Contribution,low,0,0,0,0,0,0,0,0,0,0,0,0,0,0,0,0,0,0,0,0,0,1,0,0,colombo
6.877697,79.8781126,Volunteer Contribution,low,0,0,0,0,0,0,0,0,0,0,0,0,0,0,0,0,0,0,1,0,1,1,0,0,colombo
8.310688746,80.40447684,Volunteer Contribution,low,0,0,0,0,0,0,0,0,0,0,0,0,1,1,0,0,0,0,0,0,1,0,0,0,anuradhapura
6.8731332,81.0491074,Volunteer Contribution,low,0,0,0,0,0,0,0,0,0,0,0,0,0,1,0,0,0,0,0,0,0,0,0,0,badulla
6.844087119,79.92826906,Volunteer Contribution,low,0,0,0,0,0,0,0,0,0,0,0,0,0,1,1,1,0,0,0,0,0,0,0,0,colombo
6.6580571,79.9621109,Volunteer Contribution,low,0,0,0,0,0,0,0,0,0,0,0,0,0,0,0,0,0,0,0,1,0,0,0,0,kalutara
6.9270786,79.861243,Volunteer Contribution,low,0,0,0,0,0,0,0,0,1,0,0,0,0,0,0,0,1,0,0,0,0,0,0,0,colombo
7.267599598,80.57408032,Volunteer Contribution,low,0,0,0,0,1,0,0,0,0,0,0,0,1,0,0,0,0,0,0,1,0,0,0,0,nuwara eliya
7.0732266,80.0162645,Volunteer Contribution,low,0,0,0,0,0,0,0,0,0,0,0,0,0,0,0,0,1,0,0,0,0,0,0,0,gampaha
6.6749974,79.9246467,Volunteer Contribution,low,0,0,0,0,0,0,0,0,1,0,0,0,0,0,0,0,0,0,0,0,0,0,0,0,kalutara
5.9517037,80.6282567,Volunteer Contribution,low,0,0,0,1,0,0,0,0,0,0,0,0,0,1,0,0,0,0,0,0,0,1,0,0,matara
6.9270786,79.861243,Volunteer Contribution,low,0,0,0,0,0,0,0,0,0,0,0,0,0,0,0,0,0,0,1,0,0,1,0,0,colombo
6.8789251,79.8683581,Volunteer Contribution,low,0,0,0,0,0,0,0,0,0,1,0,0,0,0,1,0,0,0,0,1,0,0,1,0,colombo
6.9270786,79.861243,Volunteer Contribution,low,0,0,0,0,0,0,0,0,0,0,0,0,0,0,0,0,1,0,0,0,0,0,0,0,colombo
6.9441228,79.8615774,Volunteer Contribution,low,0,0,0,0,0,0,0,0,1,0,0,0,0,1,0,0,0,0,0,1,0,1,0,0,colombo
6.9441228,79.8615774,Volunteer Contribution,low,0,0,0,0,0,0,0,0,0,0,0,0,0,1,0,0,0,0,0,1,0,0,0,0,colombo
6.463574613,79.98168405,Volunteer Contribution,low,0,0,0,0,0,0,0,0,0,0,0,0,0,0,1,0,0,0,0,0,0,0,0,0,kalutara
7.0915358,79.9947762,Volunteer Contribution,low,0,0,0,0,0,0,0,0,0,0,0,0,1,0,0,0,0,0,0,0,0,0,0,0,gampaha
6.7982096,79.8977316,Volunteer Contribution,low,0,0,0,0,0,0,0,0,1,0,0,0,0,0,0,0,0,0,1,0,0,1,0,0,colombo
6.972045,79.9393693,Volunteer Contribution,low,0,0,0,1,0,0,0,1,0,0,0,0,0,1,1,0,0,0,1,1,0,1,0,0,gampaha
6.958279118,79.8932621,Volunteer Contribution,low,0,0,0,0,0,0,0,0,1,0,0,0,0,0,0,0,0,0,0,0,1,1,0,0,gampaha
6.9270786,79.861243,Volunteer Contribution,low,0,0,0,0,0,0,0,0,0,0,0,0,1,0,0,0,0,0,0,0,0,0,0,0,colombo
7.2178979,79.8568134,Volunteer Contribution,low,0,0,0,0,0,0,0,0,1,0,0,0,0,0,0,0,0,0,0,0,1,0,0,0,gampaha
6.8014572,79.8996789,Volunteer Contribution,low,0,0,0,0,0,0,0,0,0,0,0,0,1,0,0,1,0,1,0,0,0,0,0,0,colombo
6.789907301,79.95704234,Volunteer Contribution,low,0,0,0,0,0,0,0,0,0,0,0,0,0,1,0,0,0,0,0,1,0,0,0,0,colombo
6.8740921,79.8604934,Volunteer Contribution,low,0,0,0,0,0,0,0,0,0,0,0,0,0,0,0,0,0,0,0,0,0,1,0,0,colombo
6.286150571,80.16764836,Volunteer Contribution,low,0,0,0,1,0,0,0,0,0,1,0,0,1,1,0,1,0,1,1,0,0,0,1,1,galle
7.027392393,79.91863673,Volunteer Contribution,low,0,0,0,0,0,0,0,0,1,0,0,0,0,0,0,0,0,0,0,0,0,1,0,0,gampaha
6.952322056,79.90790361,Volunteer Contribution,low,0,0,0,0,0,0,0,0,0,0,0,0,0,0,0,0,0,0,0,0,1,1,0,0,gampaha
7.1853118,80.0003875,Volunteer Contribution,low,0,0,0,0,0,0,0,0,1,0,0,0,0,0,0,0,1,0,0,0,0,1,0,0,gampaha
6.9270786,79.861243,Volunteer Contribution,low,0,0,0,0,0,0,0,0,0,1,0,0,0,1,0,0,0,0,1,1,0,0,0,0,colombo
6.9270786,79.861243,Volunteer Contribution,low,0,0,0,0,0,0,0,0,1,0,0,0,0,0,0,0,0,0,0,0,0,0,0,0,colombo
6.87381773,79.95954243,Volunteer Contribution,low,0,0,0,1,0,1,0,0,0,1,0,0,0,1,1,0,0,0,1,1,0,0,0,0,colombo
5.939521805,80.61485665,Volunteer Contribution,low,0,0,0,0,0,0,0,0,0,0,0,0,0,0,0,0,0,0,0,0,0,1,0,0,matara
7.31655235,80.61989366,Volunteer Contribution,low,0,0,0,0,0,0,0,0,0,0,0,0,0,0,0,0,0,0,0,0,0,1,0,0,kandy
6.81578748,79.89413104,Volunteer Contribution,low,0,0,0,0,0,0,0,0,1,0,0,0,0,0,0,0,0,0,0,0,0,0,0,0,colombo
6.9792786,79.951867,Volunteer Contribution,low,1,0,0,0,1,0,0,1,0,0,0,0,1,0,0,1,0,0,0,0,1,1,0,1,gampaha
6.9334565,79.9592324,Volunteer Contribution,low,0,0,0,0,0,0,0,0,1,0,0,0,0,0,0,0,0,0,0,0,0,0,0,0,colombo
6.683899521,79.9246511,Volunteer Contribution,low,0,0,0,0,0,0,0,0,0,0,0,0,0,0,0,0,0,0,1,0,1,0,0,0,kalutara
6.3426456,80.5608787,Volunteer Contribution,low,0,0,0,0,0,0,0,0,0,0,0,0,0,1,0,0,0,0,0,0,0,0,0,0,matara
6.883790808,79.85765855,Volunteer Contribution,low,0,0,0,0,0,0,0,0,1,0,0,0,0,1,0,0,0,0,1,1,0,1,0,0,colombo
6.8979941,79.9222869,Volunteer Contribution,low,0,0,0,0,0,0,0,0,0,0,0,0,0,1,0,0,0,0,0,0,0,0,0,0,colombo
6.9723932,79.9475487,Volunteer Contribution,low,0,0,0,0,0,0,0,0,1,0,0,0,0,0,0,0,0,0,1,0,1,1,0,0,gampaha
6.7434344,80.1604083,Volunteer Contribution,low,0,0,0,0,0,0,0,0,0,0,0,0,1,1,0,1,0,0,0,0,0,1,0,1,kalutara
6.9723932,79.9475487,Volunteer Contribution,low,0,0,0,0,0,0,0,0,1,0,0,0,0,0,0,0,0,0,1,0,1,0,0,0,gampaha
6.961868993,79.90485656,Volunteer Contribution,low,0,0,0,0,1,0,0,0,0,0,0,0,0,0,0,0,0,0,0,0,0,0,0,0,gampaha
6.951826,79.9184698,Volunteer Contribution,low,0,0,0,0,0,0,0,0,1,0,0,0,0,0,0,0,0,0,0,0,0,0,0,0,gampaha
7.087046,80.0175104,Volunteer Contribution,low,0,0,0,0,1,0,0,0,0,0,0,0,0,0,0,0,0,0,0,0,0,0,0,0,gampaha
6.0328948,80.2167912,Volunteer Contribution,low,0,0,0,0,0,0,0,1,0,0,0,0,0,0,0,0,1,0,0,0,0,0,0,0,galle
6.9270786,79.861243,Volunteer Contribution,low,0,0,0,0,0,0,0,0,0,0,0,0,0,0,0,0,0,0,0,0,0,1,0,0,colombo
6.7782498,79.9426629,Volunteer Contribution,low,0,0,0,0,0,0,0,0,0,1,0,0,0,1,0,0,0,0,0,1,0,0,0,0,colombo
6.677648441,79.92398618,Volunteer Contribution,low,0,0,0,0,0,0,0,0,1,0,0,0,0,0,0,0,0,0,0,0,0,0,0,0,kalutara
7.2385204,79.8418591,Volunteer Contribution,low,0,0,0,0,0,1,0,0,0,0,0,0,0,1,1,0,0,0,0,1,0,0,0,0,gampaha
6.8411652,79.9654324,Volunteer Contribution,low,0,0,0,0,0,0,0,0,1,0,0,0,0,0,0,0,0,0,0,0,0,0,0,0,colombo
7.0280037,79.923,Volunteer Contribution,low,0,0,0,0,0,0,0,0,1,0,0,0,0,0,0,0,0,0,0,0,0,0,0,0,gampaha
6.9060787,79.9696277,Volunteer Contribution,low,0,0,0,0,0,0,0,0,0,0,0,0,1,0,0,0,0,0,0,0,0,0,0,0,colombo
6.8470564,79.9520329,Volunteer Contribution,low,0,0,0,0,0,0,0,0,1,0,0,0,0,0,0,0,0,0,0,0,0,0,0,0,colombo
7.2647636,79.8591034,Volunteer Contribution,low,0,0,0,0,0,0,0,0,1,0,0,0,0,0,0,0,0,0,0,0,0,0,0,0,gampaha
8.000425099,80.27118266,Volunteer Contribution,low,0,0,0,0,0,0,0,0,1,0,0,0,0,0,0,0,0,0,1,0,0,1,0,0,kurunegala
6.7173516,79.9118424,Volunteer Contribution,low,0,0,0,0,0,0,0,0,1,0,0,0,0,0,0,0,0,0,0,0,0,0,0,0,kalutara
7.2055208,79.8512562,Volunteer Contribution,low,0,0,0,0,0,0,0,0,1,0,0,0,0,0,0,0,0,0,0,0,0,0,0,0,gampaha
6.995153979,79.88165944,Volunteer Contribution,low,0,0,0,0,0,0,0,0,0,0,0,0,0,1,0,0,0,0,1,0,0,0,0,0,gampaha
6.835864264,79.93207572,Volunteer Contribution,low,0,0,0,0,0,0,0,0,0,0,0,0,0,1,0,0,0,0,0,0,0,0,0,0,colombo
7.1255547,80.1108524,Volunteer Contribution,low,0,0,0,0,0,0,0,0,1,0,0,0,0,0,0,0,0,0,0,0,0,0,0,0,gampaha
7.2153151,80.5979973,Volunteer Contribution,low,0,0,0,0,0,0,0,0,0,0,0,0,1,0,0,0,0,0,0,0,0,0,0,0,kandy
6.8430654,80.091687,Volunteer Contribution,low,0,0,0,0,0,0,0,0,1,0,0,0,0,0,0,0,0,0,0,0,0,0,0,0,colombo
6.8601787,79.9754995,Volunteer Contribution,low,0,0,0,0,0,0,0,0,1,0,0,0,0,0,0,0,0,0,0,0,0,0,0,0,colombo
5.9410902,80.4943382,Volunteer Contribution,low,0,0,0,0,0,0,0,0,0,0,0,0,0,0,0,0,0,0,0,0,0,1,0,0,matara
6.775572173,79.92894018,Volunteer Contribution,low,0,0,0,1,0,0,0,0,0,0,0,0,0,0,0,0,0,0,0,0,0,0,1,0,colombo
6.8740921,79.8604934,Volunteer Contribution,low,0,0,0,0,0,0,0,0,1,0,0,0,0,0,0,0,0,0,0,0,0,0,0,0,colombo
6.964798,79.9286155,Volunteer Contribution,low,0,0,0,1,0,0,0,1,0,0,0,0,0,1,0,0,0,0,1,0,0,0,0,0,gampaha
6.7106361,79.9074262,Volunteer Contribution,low,1,1,0,0,1,0,0,0,1,0,0,0,1,0,0,1,1,1,1,0,0,0,0,1,kalutara
6.8041101,79.8980402,Volunteer Contribution,low,0,0,0,0,0,0,0,0,0,0,0,0,0,0,0,0,0,0,0,0,1,1,0,0,colombo
6.8631414,79.8786833,Volunteer Contribution,low,1,1,0,0,1,0,0,0,0,0,0,0,1,0,0,1,0,1,0,0,0,0,0,1,colombo
6.7899358,79.9808143,Volunteer Contribution,low,1,1,0,0,1,0,0,0,0,0,0,0,1,0,0,0,0,1,0,0,0,0,1,1,colombo
7.2759204,80.656652,Volunteer Contribution,low,0,0,0,0,0,0,0,0,1,0,0,0,0,0,0,0,0,0,0,0,0,1,0,0,kandy
6.8631414,79.8786833,Volunteer Contribution,low,0,0,0,0,0,0,0,0,0,0,0,0,1,0,0,0,0,1,0,0,0,0,0,1,colombo
6.8017575,79.9227313,Volunteer Contribution,low,0,0,0,0,0,0,0,0,0,1,0,0,0,0,0,0,0,0,1,0,0,1,1,0,colombo
6.0544495,80.2048865,Volunteer Contribution,low,1,1,0,0,1,0,0,0,0,0,0,0,1,0,0,1,1,1,0,0,0,0,0,1,galle
6.9284315,79.8951734,Volunteer Contribution,low,1,0,0,0,0,0,0,0,0,0,0,0,1,0,0,0,0,0,0,0,0,0,0,1,colombo
